年份,电影名,票房
2024,寒单,23.6
2024,天降大任,3208.4
2024,回西藏,78.4
2024,大雨,1728.6
2024,夜幕将至,59.2
2024,养蜂人,11414.6
2024,小行星猎人,237.9
2024,动物园里有什么？,10861.7
2024,烟火人间,80.9
2024,临时劫案,23734.8
2022,还是觉得你最好（,10787.3
2024,花千骨,655.4
2024,江豚·风时舞,768.2
2024,开心超人之时空营救,2585.3
2024,世界欠我一个你,59.9
2024,#,9408.6
2024,第二十条,245459.4
2024,热辣滚烫,346040.9
2024,飞驰人生2,339842.2
2024,#,27513.7
2024,熊出没·逆转时空,199994（至5-27）
2024,#,333（至2-18）
2024,阿盖尔：神秘特工,1540.8
2024,还是觉得你最好2,1786.5
2023,奥本海默（,45305.9
2021,沙丘（,26233.6
2024,陌路狂刀,47.2
2024,周处除三害,66568.1
2024,蜘蛛夫人：超感觉醒,581.7
2024,戏杀,861.3
2024,沙丘2,35248
2024,被我弄丢的你,21165.2
2024,孔秀,51.9
2024,灿烂的她,10027.7
2024,挑战,369.3
2024,功夫熊猫4,37366.2
2024,阿莫阿依,1275.4
2024,坠落的审判,2852.2
2024,哥斯拉大战金刚2：帝国崛起,95691.7
2024,银河写手,424.9
2024,你想活出怎样的人生,79108.4
2024,草木人间,12164.1
2024,雪豹,837.7
2024,黄雀在后！,10137.8
2024,零度极限,43
2024,大“反”派,5704.1
2024,白日之下,1219.7
2024,乘船而去,57.1
2024,来自汪星的你,608.7
2024,有你真好！,176.5
2024,出门在外,103.7
2024,冰雪女王5：融冰之战,936.8
2024,年少日记,1561.7
2024,疯狂星期一,45
2024,金的音像店,180
2024,数码宝贝02：最初的召唤,1326.6
2024,哈尔的移动城堡,16778.1
2024,间谍过家家 代号：白,29333.1
2024,九龙城寨之围城,68496.1
2024,末路狂花钱,78172.4
2024,#,5440（至5-19）
2024,维和防暴队,51168.6
2024,猪猪侠大电影·星际行动,5474.2
2024,妈妈和七天的时间,25.3
2024,猩球崛起：新世界,20935.7
2024,特技狂人,894.8
2024,彷徨之刃,8962.3
2024,朝云暮雨,1881
2024,即使这份爱今夜从世上消失,1789.3
2024,错过你的那些年,5253.2
2024,不能错过的只有你,7142.5
2024,你是我的英雄,1094.7
2024,最后的，最初的,148.1
2024,母亲的直觉,210.7
2024,三叉戟,2896.5
2024,盟军敢死队,519.7
2024,再会长江,865.6
2024,发小儿万岁,150.4
2024,朱同在三年级丢失了超能力,1508
2024,坂本龙一：杰作,480.5
2024,哆啦A梦：大雄的地球交响乐,13098.5
2024,泳者之心,579.9
2024,加菲猫家族,18470.5
2024,潜艇总动员：寻龙,3222.9
2024,疯狂的麦克斯：狂暴女神,6069.8
2024,美国内战,2322.3
2024,走走停停,10214.3
2024,扫黑·决不放弃,19260.4
2024,我才不要和你做朋友呢,20398.9
2024,谈判专家,15644.5
2024,机器人之梦,1175.5
2024,来福大酒店,5644
2024,离伤记,0.197
2024,狗阵,3268.6
2024,排球少年！！垃圾场决战,12871
2024,神秘友友,205.2
2024,来日皆方长,32.1
2024,没有颜色的关系,6
2024,头脑特工队2,34413.2
2024,沙漏,2933.7
2024,我们永远是我们,0.3
2024,海关战线,12926
2024,云边有个小卖部,49829.8
2024,寂静之地：入侵日,12953.3
2024,默杀,135127.8
2024,欢迎来到我身边,4555.1
2024,谯国夫人,1340.3
2024,脑洞大开,131.2
2024,伞少女,1910.9
2024,巧克力和酥油花,25.4
2024,神偷奶爸4,42396.3
2024,传说,7999.7
2024,落凡尘,3804.4
2024,二郎神之深海蛟龙,414.3
2024,抓娃娃,332751
2016,你的名字。（,71400
2024,龙卷风,2036.3
2024,喜羊羊与灰太狼之守护,9122.7
2024,死侍与金刚狼,43068.1
2024,异人之下,11874.3
2024,蓝色禁区：凪,3344.9
2024,寻秘自然：地球往事,148.1
2024,寻秘自然：无形之力,71.8
2024,解密,33455.8
2024,从21世纪安全撤离,11204.8
2024,逆行人生,35912.2
2024,白蛇：浮生,42504.2
2024,负负得正,7008.4
2024,异形：夺命舰,78633.8
2024,红楼梦之金玉良缘,600.9
2024,刺猬,14459.8
2024,航海王：强者天下,1245.6
2024,假如，我是这世上最爱你的人,1513
2024,姥姥的外孙,12685.9
2024,新龙门客栈,610.2
2024,倒仓,327.1
2024,爱情，到此为止,170.3
2024,密语者,22.1
2024,里斯本丸沉没,4736.9
2024,野孩子,24122.6
2024,大场面,1245.1
2024,出走的决心,12402.2
2024,一雪前耻,9385.1
2024,祝你幸福！,5994.7
2024,全员嫌疑人,2171.5
2024,奇妙萌可大电影,1113.8
2024,江南：在爱开始的地方等你,343.4
2024,非礼勿言,323.8
2024,荒野机器人,5186.6
2024,出入平安,2113.1
2024,我的爷爷,163.5
2024,富都青年,341.6
2024,踢出个未来,121.5
2024,门前宝地,150
2024,看不见的朋友,72.9
2024,变形金刚：起源,15229.5
2024,志愿军：存亡之战,120667.7
2024,危机航线,30040.8
2024,浴火之路,46193.9
2024,熊猫计划,30740.8
2002,哈利·波特与魔法石（,32452.8
2024,只此青绿,5190.3
2024,749局,37571.9
2024,绑架游戏,1615.7
2024,新大头儿子和小头爸爸6,2822.7
2024,爆款好人,2714.2
2024,小丑2：双重妄想,5409.1
2024,名侦探柯南：百万美元的五棱星,28600.1
2003,哈利·波特与密室（,9733.4
2024,今年二十二,601.7
2024,角斗士2,3968.4
2024,蓦然回首,5380.7
2024,毒液：最后一舞,68439
2024,小倩,1279.6
2024,鸳鸯楼·惊魂,12901.4
2024,爆裂鼓手,341.8
2024,魔法坏女巫,1464
2024,孤星计划,10205.8
2024,焚城,25879.3
2024,这个杀手不太冷,1736.9
2024,好东西,71324
2024,蜡笔小新：我们的恐龙日记,12671
2024,完美的日子,300.7
2024,乔妍的心事,15131.8
2024,因果报应,7834.5
2024,海洋奇缘2,11170.3
2024,破·地狱,21035（至1-31）
2024,雄狮少年2,8045（至1-31）
2024,狮子王：木法沙传奇,12298.1
2024,猎人克莱文,1310.9
2024,名侦探柯南：迷宫的十字路口,14718（至1-31）
2024,误判,27064（至1-31）
2024,小小的我,76536.4
2024,误杀3,93007（至1-31）
2024,窗前明月，咣！,3975.3
2024,“骗骗”喜欢你,44393.1
,,#
2024,帕丁顿熊3：秘鲁大冒险,4562.4
2025,火锅艺术家,5909.1
2025,小城季风,5.1
2025,刺猬索尼克3,4413.7
2025,假爸爸,4052.8
2025,大红包2：龙凤呈祥,237.5
2006,穿越时空的少女,819.9
2025,恶行之外,1532.3
2025,超级望望,25.6
2025,莫莉的冒险,35.6
2025,真爱找麻烦！,454.6
2025,射雕英雄传：侠之大者,68932.6
2025,封神第二部：战火西岐,123883.9
2025,哪吒之魔童闹海,1544603.3
2025,蛟龙行动,39004.5
2025,唐探1900,361238.4
2025,熊出没·重启未来,82049.6
2000,花样年华（,6164.9
2025,美国队长4,10406.2
2025,边海,31.2
2025,您的声音,7717.9
2025,你的颜色,1733.4
2025,诡才之道,4033.5
2025,初步举证,3538.5
2025,厨房,68.1
2025,猫猫的奇幻漂流,2842.5
2025,阴阳师0,278.1
2025,插翅难飞,128.3
2025,编号17,1620
2025,还有天明,4496.9
2025,平原上的火焰,1895.8
2025,想飞的女孩,1697.3
2025,天堂旅行团,6599.2
2025,潮,108.8
2025,疾速追杀4,5276.7
2025,武替道,8.7
2025,非标准恋爱,179.4
2025,白蛇传·情（,2416.7
2025,夜半凶宅,401.4
2025,真爱营业,1006.3
2025,久别·重逢,106.3
2025,援藏日记,199.8
1987,倩女幽魂（,2318.9
2025,白雪公主,931.9
2025,我会好好的,2491.2
2025,追幸福的人,94.7
2025,侏罗纪世界：重生,56725.3
2025,小白船,89.1
2019,东极岛,39685.2
2025,无名之辈：否极泰来,5191.6
2025,恶意,25391.3
2025,超人,6393.8
2025,聊斋：兰若寺,24350.5
2025,天宝,353.1
2025,爱的暂停键,152.4
2025,新三峡,940.4
2025,F1：狂飙飞车,44933
2025,家庭简史,31.6
2025,山河为证,4481.8
2025,坪石先生,255.4
2025,生还,476.7
2025,南京照相馆,301735.5
2025,夏雨来,2799.2
2025,营救飞虎,3313.6
2025,关于约会的一切,419.9
2025,别把作文当回事儿,61
2025,午夜怪谈2,211.9
2025,蜗牛回忆录,78
2025,汉斯·季默与朋友们：沙漠之钻,310.8
2025,奇遇,18789.2
2025,熊孩子·探险熊兵,182.2
2025,有朵云像你,5162.6
2025,7天,6227.8
2025,轻于鸿毛,1532.4
2025,花漾少女杀人事件,2892.2
2025,罗小黑战记2,53389
2025,魔法蓝精灵,509.9
2025,疯狂海盗团2,7.8
2025,你行！你上！,9085.4
2025,长安的荔枝,69120.7
2025,喜羊羊与灰太狼之异国破晓,6217.1
2025,戏台,41144.9
2025,浪浪山小妖怪,171922.2
2025,捕风追影,126578.9
2025,坏蛋联盟2,22732.5
2025,窗外是蓝星,5883.1
2025,731,194288.3
2025,浪浪人生,45632.8
2025,志愿军：浴血和平,64083.3
2025,风林火山,9660.6
2025,刺杀小说家2,38884.7
2025,毕正明的证明,8502.1
2025,三国的星空第一部,8771.8
2025,猪猪侠·一只老猪的逆袭,5767.5
2025,震耳欲聋,25713.4
2022,阿凡达：水之道（,170375.2
2025,疯狂电脑城,210.4
2025,女孩,470.7
2025,旁观者,231.8
2025,极地大冒险3,281.6
2025,日掛中天,2298.2
2025,铁血战士：杀戮之地,10957.7
2025,三滴血,2166.5
2025,我的世界没有我,1141.8
2025,惊天魔盗团3,28719.3
2025,鬼灭之刃：无限城篇,67805.5
2025,菜肉馄饨,2517.2
2025,开心岭,1083.5
2025,狂野时代,19104
2025,隐者山河,617.7
2025,疯狂动物城2,432110（至1-12）
2025,猎杀游戏,643.9
2025,我最特别的朋友,200.4
1957,控方证人,620.7
2025,得闲谨制,39730（至1-12）
2025,内幕,3066
2025,清算,261.7
2025,旺姆的夏天,35
2025,最恨我爱你,11.6
2011,赛德克·巴莱(上)（,212.8
2025,年轻母亲之家,21.9
2025,水草长生,5.4
2025,浪花朵朵,10.6
2011,赛德克·巴莱(下)（,144.2
2025,父辈的天空,782.6
2025,岁岁平安,63.7
2025,遥远的普若岗日,236. 9
2025,阿凡达：火与烬,104645（至1-12）
2025,魔法坏女巫2,503.7
2025,天堂附近,0.15
2025,点到为止,387.8
2025,寻秦记,24323（至1-12）
2015,山河故人（,3880.2
2025,匿杀,30670（至1-12）
2025,用武之地,6417（至1-12）
2025,星际变种,50.6
,,#
2022,李茂换太子,46241.5
2022,魔法精灵,620.6
2022,最初的梦想,1913.8
2022,魔法满屋,7668.2
2022,带你去见我妈,2370.9
2022,一江春水,225.5
2022,屋内有人,325.6
2022,萌鸡小队：萌闯新世界,3434.2
2022,农民院士,61
2021,黑客帝国：矩阵重启,8575.3
2022,东北虎,1691.7
2022,纹身,186.4
2020,花滑女王2：爸爸我爱你,74.6
2021,汪汪队立大功大电影,8250
2022,村里来了个洋媳妇,2.3
2022,向着明亮那方,171.4
2022,四海,54276.3
2022,奇迹·笨小孩,137920.3
2022,狙击手,60749.3
2022,长津湖之水门桥,406066.6
2022,这个杀手不太冷静,262262.1
2022,熊出没·重返地球,96777.7
2022,喜羊羊与灰太狼之筐出未来,16033.2
2022,小虎墩大英雄,2211.8
2022,十年一品温如言,16722.3
2021,京北的我们（,25.5
2022,好想去你的世界爱你,10840.4
2022,不要忘记我爱你,5602.2
2022,密案1922,333.3
2022,我们的冬奥,6479.5
2022,尼罗河上的惨案,6849.7
2022,只属于我们的一天,272.4
2022,花束般的恋爱,9411.4
2019,纽约的一个雨天,1270.3
2022,你是我的一束光,551.9
2022,我心飞扬,632.5
2022,大国粮仓,94
2022,柳浪闻莺,351.2
2022,心想念动,5.5
2022,如果有一天我将会离开你,430.4
2022,可不可以你也刚好喜欢我,1604.4
2022,暑期何漫漫,5.2
2018,妖怪手表：永远的朋友,82.7
2022,神秘海域,15139
2022,新蝙蝠侠,16324.9
2022,年少有你,16.5
2022,“炼”爱,42.3
2018,印度女孩,348.2
2022,花儿为什么这样红,675.7
2022,野夏天,65.2
2022,卧鼠藏虫,530
2022,安魂,9.2
2022,月球陨落,15840.5
2022,错乱空间,159.9
2021,密室逃生2,7719.7
2022,草原大作战,183.6
2022,精灵旅社4：变身大冒险,12373.8
2022,神奇动物：邓布利多之谜,19418.4
2020,诺亚方舟漂流记2,159.9
2019,致我的陌生恋人,912.2
2022,迷失1231,138.9
2015,误杀瞒天记,3149.2
2022,边缘行者,16647
2022,亡命救护车,1583.8
2022,邓小平小道,2509.1
2022,坏蛋联盟,33522.8
2022,我是真的讨厌异地恋,16518.3
2022,巨星嫁到,374.7
2022,唐顿庄园2,1296.6
2022,盒子的秘密,152.8
2022,青春是首歌,6
2022,刿心剑,20.5
2021,五个扑水的少年（,6912.6
2022,哆啦A梦：大雄的宇宙小战争2021,9917.2
2021,魔法鼠乐园（,419.5
2022,超级特战队,32.2
2022,暗恋·橘生淮南,13540.3
2020,阿里巴巴与神灯（,2220.7
2022,遇见你之后,1652.7
2022,侏罗纪世界3,105963.4
2022,天才计划,1154.7
2022,镜世界,230.8
2022,绿茵之外,118.3
2022,云霄之上,448.3
2022,一周的朋友,12165.3
2022,焚情,95.7
2022,回南天,21.6
2022,地瓜味的冰激凌,28.7
2022,人生大事,171231.4
2022,你是我的春天,3063.4
2022,地火,98.7
2022,珠峰队长,344.9
2022,隐入尘烟,10970（至9-18）
2022,神探大战,71210.4
2022,海底小纵队：洞穴大冒险,7761.8
2022,外太空的莫扎特,22394.7
2022,龙女孩,141.7
2022,冲出地球,1005.8
2022,开心超人之英雄的心,1656.3
2022,一直一直很喜欢你,2198.6
2022,阳光照耀塔什库尔干,4.6
2022,七人乐队,1564.6
2022,疯了！桂宝之三星夺宝,1262.5
2022,独行月球,310291.1
2022,小马宝莉：新世代,1720.5
2022,迷你世界之觉醒,2714.9
2022,遇见你,7832.7
2022,我们的样子像极了爱情,1615.8
2022,明日战记,67918.4
2022,猪猪侠大电影·海洋日记,2938.7
2022,漫长的告白,631.1
2022,永不妥协,447.7
2022,跳舞吧！爸爸,1.8
2022,猎屠,1255.7
2022,山海经之再见怪兽,3826.4
2022,断·桥,23247.7
2022,人间世,127.4
2022,新神榜：杨戬,55550.1
2022,小黄人大眼萌：神偷奶爸前传,23792.4
2022,秘密花园,15.7
2022,760号犯人,317.7
2022,世界上最爱我的人,764.1
2022,忠犬帕尔玛,691.4
2021,雀斑公主,1429.1
2022,爱情的代驾,64.2
2022,大白鲨之夺命鲨口,402.9
2022,我的非凡父母,617.9
2022,世间有她,5620.8
2022,海的尽头是草原,3611.6
2022,还是觉得你最好,10722.9
2022,狼群,2867.6
2022,哥，你好,54796.6
2022,妈妈！,7709.8
2022,青蛙王国之极限运动,1499.4
2022,追光,48.3
2022,我要和你在一起,528.2
2022,热汤,14.3
2022,我世界里的你,21.6
2022,平凡英雄,21552.2
2022,钢铁意志,10302.4
2022,万里归途,159314.8
2022,新灰姑娘2,3160.3
2022,我是霸王龙,3274.6
2022,新大头儿子和小头爸爸5,8277
2022,搜救,1999.1
2022,我的遗憾和你有关,3283.8
2022,扫黑行动,17473.3
2022,请叫我郑先生,117.7
2022,陪你在全世界长大,128.8
2022,天之书,140.4
2022,猫狗武林,366.1
2022,青蛙王子历险记2,399.6
2022,您好，北京,5038.5
2022,名侦探柯南：万圣节的新娘,20188.7
2022,让这首歌作证,45.5
2022,个十百千万,204.8
2022,坠落,2643.5
2022,天下无伤,1.3
2022,忍者神龟：崛起,390.4
2020,杀掉那个魔术师,303.8
2022,沼泽深处的女孩,795.9
2021,不要再见啊，鱼花塘,86
2022,因爱而伟大,77.7
2022,航海王：红发歌姬,18540.2
2004,放牛班的春天（,798
2019,小小乔,14.6
2020,2067,78
2022,阿凡达：水之道,169755.4
2021,龙马！新生网球王子,17.1
2022,唬胆特工,320.6
2022,穿靴子的猫2,4671.8
2022,想见你,40347.5
2022,西游记之七十二变,829.7
2022,绝望主夫,31355.9
2021,小破孩大状元,171.8
2021,海底小纵队：火焰之环,5318.7
2021,老爷保号,299.7
2019,点点星光,617.9
2021,京北的我们,14
2021,长安伏妖,306.6
2021,没有过不去的年,5137.8
2021,叱咤风云,501
2021,许愿神龙,16811.9
2021,缉魂,11094
2020,天后小助理,20.4
2019,与我跳舞,66.7
2021,武汉日夜,2393.7
2018,指挥家,135
2021,大红包,23370.3
2021,幸运电梯,105.7
2019,小伟,144.4
2021,魔法鼠乐园,319.6
2021,吉祥如意,1359.9
2021,移情高手,151.6
2018,温泉屋的小老板娘,877.3
2018,蜂鸟计划,325.7
2021,出手吧！女生,35.2
2021,唐人街探案3,452234.3
2021,刺杀小说家,103523
2021,侍神令,27406.9
2021,你好，李焕英,541330.3
2021,人潮汹涌,76247.6
2021,熊出没·狂野大陆,59655.2
2021,新神榜：哪吒重生,45648.9
2021,郊区的鸟,60.2
2021,猫和老鼠,10479
2021,千顷澄碧的时代,906.2
2021,寻龙传说,12753
2021,错爱迷踪,527
2021,风吹浪涌,32.5
2021,合法伴侣,1069.4
2021,五尺天涯,685.7
2021,边境迷雾,13.8
2010,阿凡达（,171545.2（总计）
2020,波斯语课,3632.3
2021,日不落酒店,1953.8
2020,又见奈良,502.1
2019,21座桥,2862.4
2021,非正式爱情,215.3
2021,哥斯拉大战金刚,123261.5
2021,圣山村谜局,445.5
2021,我的姐姐,86018.4
2021,第十一回,7397.7
2021,西游记之再世妖王,11238.6
2021,明天会好的,3056.2
2021,生生,10.6
2021,进城记,266.1
2021,小美人鱼的奇幻冒险,1167.8
2021,奇异世界历险记,269.1
2021,超级的我,938.9
2021,工作细胞：细胞大作战,757.5
2002,指环王1：护戒使者（,6079.8
2021,八月未央,6795.3
2021,猎心之血亲,34.2
2021,六人-泰坦尼克上的中国幸存者,377.9
2021,名侦探柯南：绯色的子弹,21608.9
2003,指环王2：双塔奇兵（,5057.3（总计）
2021,记忆切割,336.3
2021,你的婚礼,78923.5
2021,悬崖之上,119004.6
2021,秘密访客,21487.5
2021,扫黑·决战,40547.6
2021,阳光劫匪,4374.7
2021,追虎擒龙,24361.9
2021,真·三国无双,1557.6
2021,寻汉计,403.9
2021,恐龙飞车,26.5
2021,猪猪侠大电影·恐龙日记,7931.5
2021,人之怒,16634
2004,指环王3：王者无敌,8630（总计）
2021,无罪谋杀：科林尼案,436.9
2021,感动她77次,3222.1
2021,一百零八,3114.6
2021,柳青,353.2
2021,速度与激情9,139233.4
1995,情书（,6521
2021,白蛇传·情,2137.2
2021,哆啦A梦：伴我同行2,27757.1
2021,迷妹罗曼史,239.6
2021,寂静之地2,24949.9
2021,九零后,1105.6
2021,匹诺曹,1678.1
2021,有一点动心,1446.4
2021,普罗米亚,2014
2021,黑白魔女库伊拉,15470.9
1988,天堂电影院,1999.4
2019,你好世界,13647
2021,比得兔2：逃跑计划,19778.1
2021,阳光姐妹淘,9497.9
2021,当男人恋爱时,26416.9
2021,夏夜骑士,28.1
2021,候鸟,909.1
2021,玄夜狐影,130.5
2021,火山地狱,813.7
2021,热带往事,6408.3
2021,超越,14286.3
2021,疯狂丑小鸭2靠谱英雄,972.8
2021,潜艇总动员8：地心游记,2518.9
2021,困在时间里的父亲,3161.8
2021,只是一次偶然的旅行,117.7
2021,了不起的老爸,14872.4
2021,离秋,20.5
2021,守岛人,13554.7
2021,我没谈完的那场恋爱,5009.2
2021,完美受害人,1314.8
2021,遇见喵星人,116.3
2021,三只小猪3：正义大联萌,398.7
2021,革命者,13689.3
2021,1921,50388.8
2021,狼行者,1346.9
2021,俑之城,6990.1
2021,再见汪先森,1353.5
2021,大学,726.3
2021,新大头儿子和小头爸爸4,9327.8
2021,中国医生,132818.8
2021,红船,1082.6
2021,天工苏作,28.9
2021,二哥来了怎么办,3050.4
2021,天下无拐,118.2
2021,济公之降龙降世,4064
2021,终极代码,1132.1
2021,足球爸爸,31.5
2021,摇摆神探,30.3
2021,燃野少年的天空,16101.6
2021,三湾改编,2414.6
2021,白蛇2：青蛇劫起,58020
2021,贝肯熊2：金牌特工,8145.8
2021,大城大楼,2581.3
2021,巧虎魔法岛历险记,1323.1
2021,怒火·重案,132925.9
2021,盛夏未来,38673.3
2021,直立象传说,87.4
2021,我的父亲焦裕禄,2821.4
2021,危险记忆,124.7
2021,流浪猫鲍勃2：鲍勃的礼物,1477.7
2021,我的爸爸是森林之王2,1118.9
2021,西游记之再世妖王（,11453.8（总计）
2021,深爱,535.1
2021,测谎人,2788
2021,兔子暴力,2665.2
2021,乔西的虎与鱼,685.5
2021,夏日友晴天,8769.7
2021,你的情歌,213
2021,忠犬流浪记,683.6
2021,独家头条：初露锋芒,21.5
2021,再见，少年,2024.5
2021,混沌行走,664.3
2021,失控玩家,61248.3
2021,白马王子,192.5
2021,最后一间房,1459.9
2021,龙虎武师,99.8
2021,小小港湾,28.7
2021,明日之战,12386
2021,1950他们正年轻,1084.8
2021,不期而遇的夏天,453.3
2021,妈妈的神奇小子,1778.1
2021,梦境人生,734
2021,陪你很久很久,9257.2
2021,宝可梦：皮卡丘和可可的冒险,5146.5
2021,高卢英雄：魔法的秘密,151.6
2021,峰爆,43771.5
2021,我的青春有个你,6220.5
2021,山海经之小人国,1385.6
2021,关于我妈的一切,15007.9
2021,日常幻想指南,2486.3
2021,狗果定理,103.6
2021,一直游到海水变蓝,695.2
2021,天上的孩子,27.6
2021,长津湖,577136
2021,五个扑水的少年,6268.7
2021,我和我的父辈,147670.6
2021,皮皮鲁与鲁西西之罐头小人,5784.4
2021,老鹰抓小鸡,3476.8
2021,大耳朵图图之霸王龙在行动,5404.5
2021,探探猫人鱼公主,562.7
2021,拯救甜甜圈：时空大营救,3838.1
1958,永不消逝的电波（,303.9
2021,兰心大剧院,2170.8
2021,图兰朵：魔咒缘起,1889.8
2021,平行森林,22.4
2021,沙丘,25387.3
2021,极盗行动,149.9
2021,不速来客,6732.6
2021,第一炉香,6421.5
2021,青苔花开,34.1
2021,京剧搜孤救孤,5.9
2021,入殓师,6622.6
2021,007：无暇赴死,41454.1
2021,越界,1509
2021,乌海,1500.2
2021,我是监护人,377
2021,演员,325.3
2021,漫漫寻子路,19.7
1983,天书奇谭（4K纪念版 ）（,2780.4
2021,不老奇事,3611.2
2021,特种部队：蛇眼起源,1143.8
2021,蜜熊的音乐奇旅,685.1
2021,信者,345.1
2021,猪迪克之蓝海奇缘,487.6
2021,世上只有妈妈好,47.1
2021,扬名立万,92667.5
2021,我的初恋十八岁,40.1
2021,梅艳芳,11339.3
2021,丛林奇航,4488.7
2021,门锁,24226.2
2021,芒咕的动物城,561.2
2021,铁道英雄,14243.4
2021,野马分鬃,1174.5
2021,银行家,1940.4
2021,捞世界,33
2021,古董局中局,42995
2021,我们是第一书记,300.8
2021,你的世界如果没有我,3034.8
2021,哦！文姬,290.7
2021,只要你过得比我好,509.2
2021,无尽攀登,300.4
2021,笨鸟大冒险,487.9
2021,曾经相爱的我们,3603.1
2021,第四面墙,134
2021,盲琴师,2.4
2021,反恐特战队：清盘行动,71.2
2021,秘不可言,149.1
2021,摇滚藏獒：蓝色光芒,226.8
2021,雄狮少年,24958.9
2021,误杀2,112143.1
2021,跨过鸭绿江,10404.1
2021,不欺不遇,13.1
2021,爱情神话,26031.9
2021,穿过寒冬拥抱你,93666.5
2021,反贪风暴5：最终章,62893.6
2021,以年为单位的恋爱,23198.2
2016,女生规则,262.6
2022,龙珠超：超级人造人,1115.2
2023,流浪地球2,402869.5
2023,熊出没·伴我“熊芯”,149515.8
2023,满江红,454437.9
2023,无名,93132.3
2023,深海,91927.2
2023,交换人生,39345.6
2023,中国乒乓之绝地反击,10090
2023,风再起时,4904.3
2023,黑豹2,10622.2
2023,不能流泪的悲伤,5535.6
2023,可不可以不要离开我,2025.8
2023,胡杨林之恋,22.7
2023,极速保镖,208.2
2023,蚁人与黄蜂女：量子狂潮,27226.2
2023,冥绝村,765.5
2021,我的初恋十八岁（,43.1
2012,印式英语,117
2023,毒舌律师,18699.9
2020,会考试的猛犸象,37.7
2022,困在心绪里的儿子,214.1
2023,拨浪鼓咚咚响,187.8
2023,断网,6487.8
2023,荒原,194.7
2023,不二兄弟,73.2
2023,海湾之遇,50.5
2023,敦煌女儿（戏曲）,74.6
2023,保你平安,70106.4
2023,回廊亭,20542.9
2023,雷霆沙赞！众神之怒,4120.4
2023,梅根,2234.9
2023,我们的岁月,76
2023,脐带,167
2023,铃芽之旅,80819.3
2023,不止不休,5646.9
2023,生无可恋的奥托,187.6
2023,望道,6828.3
2023,印度制造,8
2023,哈里斯夫人闯巴黎,18
2023,龙与地下城：侠盗荣耀,8245.5
2023,忠犬八公,28714.9
2023,了不起的夜晚,4698
2023,逃出白垩纪,654.3
2023,不能错过的只有你,7079.4
2023,宇宙探索编辑部,6716.8
2023,一杯上路,14.3
2023,梦想森林,5.5
2023,青蛙王国之奇幻女王历险,419.7
1997,泰坦尼克号（,136627.7
2023,名侦探柯南：贝克街的亡灵,5661
2023,超级马力欧兄弟大电影,17191.5
2023,龙马精神,21109.6
2023,平家物语：犬王,423.3
2023,燃烧的巴黎圣母院,99.1
2023,大旅行,80.9
2023,倍儿喜欢你,529.6
2023,达荷美女战士,7.2
2023,稍微想起一些,203.7
2023,暴风,3939.1
2023,爱很美味,1455.4
2023,鳄鱼莱莱,589.7
2023,深海危机,202.8
2023,灌篮高手,65986.6
2023,落地生根,92.9
2023,长空之王,85102.7
2023,人生路不熟,118470.2
2023,这么多年,30097.4
2023,惊天救援,4203.6
2023,长沙夜生活,2063
2023,倒数说爱你,2636.9
2023,检察风云,6179.7
2023,翦伯赞,0.8
2023,天堂谷大冒险,358
2023,新猪猪侠大电影·超级赛车,5367.3
2023,宇宙护卫队：风暴力量,2012.5
2023,鲛在水中央,10.1
2023,马庄村,0.5
2023,银河护卫队3,60606.7
2023,贫民窟之王,40.9
2023,荒野狂兽,45.1
2023,我和妈妈的最后一年,97,5
2023,妈妈的礼物,27.9
2023,复合吧！前任,468.7
2023,速度与激情10,98367.3
2023,水边维纳斯,52.7
2023,故乡异客,18.6
2023,北京2022,3050.9
2023,余生那些年,2149.1
2023,请别相信她,5220
2023,造梦之家,220.5
2023,小美人鱼,2650.7
2023,川流不“熄”,283.2
2023,我经过风暴,0.58
2023,战俘拳王,11.4
2023,温柔壳,1724.2
2023,生命中最特别的朋友,25.7
2023,刀剑神域进击2023篇：暮色黄昏,3293.3
1992,天空之城（,13542.3
2023,哆啦A梦：大雄与天空的理想乡,10173.5
2023,神兜兜和奶爸,27.8
2023,蜘蛛侠：纵横宇宙,35698.6
2023,煞面迷影,239.6
2023,万湖会议,104
2023,变形金刚：超能勇士崛起,65564.6
2023,极寒之城,646.8
2023,闪电侠,18505.1
2023,表白吧！在毕业前,370.6
2023,追你而来,43.8
2023,疯狂元素城,11410.1
2023,诗和远方的聚会,5.5
2023,二手搭档,–
2023,街娃儿,15.4
2023,进球吧！少年,69.5
2023,我爱你！,42792.9
2023,别叫我“赌神”,4077.7
2023,消失的她,352396.7
2023,飞兔大联盟,321.1
2023,疯狂小世界,256.7
2023,记忆,252.8
2023,憨兔的奇幻之旅,315.9
2023,凯利和超级可乐,55.2
2023,透明侠侣,68.7
2023,夺宝奇兵5：命运转盘,2391.3
2023,海洋传奇,27.2
2023,棉花糖和云朵妈妈1宝贝芯计划,1289.6
2023,力量密码,1323.6
2023,扫毒3：人在天涯,28469
2023,八角笼中,220739.2
2023,长安三万里,182436.5
2023,超级飞侠：乐迪加速,7075.7
2023,少年桑吉,11.3
2023,碟中谍7：致命清算（上）,34911
2023,茶啊二中,38424.2
2023,欢乐丛林之外星人大冒险,387.2
2023,封神第一部,263411.5
2023,超能一家人,30040.5
2023,芭比,25226.8
2023,百变马丁：怪兽大作战,813.4
2023,热烈,91298.9
2023,巨齿鲨2：深渊,85132.6
2023,雪豹和她的朋友们,269
2023,野蛮人入侵,99.6
2023,孤注一掷,384848.3
2023,忍者神龟：变种大乱斗,948.3
2023,飞向月球,2.1
2023,我经过风暴,18040.8
2023,暗杀风暴,8065.1
2023,学爸,61427.2
2023,奇迹少女,1607.1
2023,火山挚恋,615.7
2023,雪域少年,641.5
2023,王牌二哈,311.4
2023,最后的真相,5467.4
2023,念念相忘,7646
2023,燃冬,2607.3
2023,爱犬奇缘,633
2021,最遗憾的是错过你,1183.5
2023,绝地追击,2925
2023,奥本海默,44990.7
2023,GT赛车：极速狂飙,1346.4
2023,踢球吧少年,34.8
2023,永安镇故事集,321.6
2023,第八个嫌疑人,43905.6
2023,老师，别哭,184.1
2023,不虚此行,2729.6
2023,三贵情史,484.7
1998,红色恋人（,170.8
2023,敢死队4：最终章,15621.1
2023,鹦鹉杀,3919.5
2023,威尼斯惊魂夜,4371.3
2023,流水落花,26.4
2023,毒蜂,32
2023,嗨！神兽,125.5
2023,江米儿,10.8
2023,坚如磐石,134938.8
2023,前任4：英年早婚,100977.1
2023,贝肯熊：火星任务,8054.8
2023,好像也没那么热血沸腾,17520.7
2023,志愿军：雄兵出击,86705.8
2023,小美人鱼之大海怪传说,633
2023,93国际列车大劫案：莫斯科行动,66143.2
2023,功夫王之萌虎上山,503.7
2023,汪汪队立大功大电影2：超能大冒险,13800.2
2023,疯狂大营救,86.7
2023,速度与爱情,51.3
2023,珍·古道尔的传奇一生,319
2023,最好的相遇,1690.9
2023,爸爸的谎言,10.3
2023,河边的错误,30969.4
2023,看不见的顶峰,122.7
2023,白塔之光,697.4
2023,二手杰作,11193
2023,困兽,2102.3
2023,洋子的困惑,37.3
2023,失而复得,440.9
2023,一个和四个,465.5
2023,画魔人,196.4
2023,我爸没说到那件事,415.4
2023,我是霸王龙,3542
2023,普通男女,117
2023,拯救嫌疑人,56947.4
2023,惊奇队长2,11058.5
2023,无价之宝,13794.7
2023,追缉,2090.8
2023,迷你特工队之汉堡大作战,1330.5
2023,千里送鹤,18.8
2023,红猪,2313.2
2023,吾爱敦煌,898.9
2023,饥饿游戏：鸣鸟与蛇之歌,5739.2
2023,星愿,4277.4
2023,刀尖,5174.3
2023,我本是高山,10004.4
2023,靠近我一点,711.1
2023,蜡笔小新：新次元！超能力大决战,11974.5
2023,涉过愤怒的海,54913.6
2023,热搜,6324
2023,长安诡事传,106.8
2023,再见，李可乐,24195
2023,拿破仑,2789
2023,疾速营救,44
2023,瞒天过海,16596.2
2023,照明商店,27533.7
2023,旺卡,5388.6
2023,不要走散好不好,1624.7
2023,爆裂点,10001
2023,飞鸭向前冲,1612.3
2023,三大队,70567.8
2023,狗神,1748.9
2023,名侦探柯南：黑铁的鱼影,16283.1
2023,怒潮,22954.5
2023,月光武士,201.3
2023,仲肯,145.2
2023,海王2：失落的王国,46532.1
2023,爱乐之城（,27972.5
2023,潜行,38996.2
2023,年会不能停！,129240.3
2023,金手指,57430.9
2023,一闪一闪亮星星,70228.8
2023,非诚勿扰3,10220.5
2023,泰勒·斯威夫特：时代巡回演唱会,10115
2023,孤军,3114.3
2021,你的婚礼（,82274.3
2023,舒克贝塔·五角飞碟,6604.1
,,片名+#
2020,鹭世界,496.6
1997,美丽人生,5812.4
2020,变身特工,10353.1
2014,龙之谷：破晓奇兵（,5767.4（总计）
2020,野猪,129.2
2020,别告诉她,411.6
2020,理查德·朱维尔的哀歌,570.8
2020,为家而战,1718.6
2020,紫罗兰永恒花园外传,4859.9
2020,鲨海逃生,4732.1
2020,动物特工局,4428.2
2020,守望人,123.3
2020,第一次的离别,469
2009,风声（,21705.6（总计）
2017,寻梦环游记（,122958.7（总计）
2008,当幸福来敲门（,985.4（总计）
2018,何以为家（,37692.7（总计）
2015,夏洛特烦恼（,144768.4（总计）
2016,疯狂动物城（,153448.9（总计）
2020,喋血战士,4545.6
2020,多力特的奇幻冒险,13608.4
2014,超能陆战队（,52726.1（总计）
2019,乔乔的异想世界,1134.1
2020,抵达之谜,2535.4
2020,妙先生,1310.5
2020,刺猬索尼克,1994.2
2020,白狮奇缘,88.1
2020,白云之下,149.7
2020,呆瓜兄弟,8.3
2014,星际穿越（,87681.3
2020,十三猎杀,790.8
2020,1917,6911
2020,旺扎的雨靴,29.1
2020,极速车王,1566.2
2002,哈利·波特与魔法石（,19155（总计）
2020,绝地战警：疾速追击,3514.4
2018,悲伤逆流成河（,35747.4（总计）
2020,辣警霸王花：澳门行动,11.1
2020,禹神传之王者少年,507.7
2020,再见，陌生人,43.7
2020,1/2的魔法,7050.3
2020,魔发精灵2,687.3
2020,八佰,309448.2
2020,北平会馆,823.5
2020,荞麦疯长,5168.5
2020,小妇人,4730.3
2020,我在时间尽头等你,50182.7
2020,今生只为遇见你,0.61
2020,漫长的告别,81.6
2010,盗梦空间（,49589.5（总计）
2020,信条,45507.1
2020,假面饭店,1701.6
2020,半条被子,51.3
2020,阿里巴巴与神灯,2143.2
2020,新愚公移山,186.1
2020,未知嫌疑人,141
2020,辉夜大小姐想让我告白,1.5
2020,我的女友是机器人,4252
2020,花木兰,27726.5
2020,极寒风暴,83.9
2020,通往春天的列车,324
2020,麦路人,1796
2020,邻里美好的一天,196.4
2020,死无对证,2934.6
2020,蓝色防线,713.6
2020,萌宠流浪记,1116.1
1999,菊次郎的夏天,895.3
2020,夺冠,83485.2
2020,急先锋,29294.6
2020,姜子牙,160017.3
2020,我和我的家乡,282653.2
2020,2019阅兵盛典,2719
2020,一点就到家,31216.8
2020,再见吧！少年,350.8
2020,七号房的礼物,1451.9
2020,喜宝,11345.1
2020,掬水月在手,782.5
2020,秀美人生,5259.2
2020,木兰：横空出世,788.1
2020,天道王,2516.1
2020,82号古宅,766.8
2018,达芬奇大冒险：拯救蒙娜丽莎,204.6
2018,以寡敌众,54
2020,父子拳王,39.4
2020,一丈天地,6
2020,罗非是条鱼,2.3
2020,四年二班,15.5
2020,云做的翅膀,2.3
2020,飞奔去月球,535
2020,金刚川,112295.7
2020,数码宝贝：最后的进化,12528.3
2020,月半爱丽丝,2851.6
2020,网络凶铃,1503.3
2020,红色警戒,34.5
2020,风平浪静,8353.4
2020,未来的未来,998.9
2020,光,342.2
2020,地狱男爵：血皇后崛起,8624.8
2020,达琳达,10.5
2020,一日成交,73.4
2020,热血合唱团,7001.8
2020,汪汪队立大功之超能救援,7907.2
2020,热气球飞行家,2113.6
2020,野性的呼唤,3427.7
2020,马永贞之闸北决,569.9
2020,九条命,158.7
2020,翱翔雄心,140.9
2020,婚前故事,150
2020,冬去冬又来,25.6
2020,橙妹儿的时代,60.1
2020,守望相思树,324.6
2020,天边加油站,64.4
2020,爱情呼叫等待,33.3
2020,气·球,666.4
2020,海兽之子,1636
2020,除暴,53777.1
2020,末日逃生,3423.7
2020,天堂的张望,31.9
2020,妈祖回家,36.8
2020,天下无拐,3.1
2016,麦兜·饭宝奇兵（,1964.2（总计）
2020,应承,95.6
2019,流浪地球（,417.6
2020,一秒钟,13123.3
2020,日光之下,107
2020,疯狂原始人2,35323.4
2020,闺蜜心窍,397.2
2020,隐形人,2559.3
2002,赤狐书生,18566.9
2020,如果声音不记得,33515.8
2020,宝可梦：超梦的逆袭 进化,1618.3
2020,怪物猎人,3388.4
2020,棒！少年,785.3
2020,沐浴之王,40471.1
2020,哆啦A梦：大雄的新恐龙,6479.6
2020,少女佳禾,782.2
2018,城市猎人,243.6
2019,猎杀T34,2324.7
2020,神奇女侠1984,16716.4
2020,紧急救援,48507.6
2020,奇妙王国之魔法奇缘,1004.7
2020,光语者,38.4
2020,拆弹专家2,131382.5
2020,明天你是否依然爱我,6911.5
2020,封口者,227.3
2020,晴雅集,44271.3
2020,心灵奇旅,37620.6
2020,送你一朵小红花,143246
2020,温暖的抱抱,86429.7
2008,崖上的波妞,2832.9
